,安联臻爱无限医疗保险,光大永明达尔文超越者,支付宝健康福终身重疾险,微医保终身重疾
0,既往(18),超越者(152),健康(295),医保(313)
1,可以(13),达尔文(123),重疾险(185),保险(246)
2,产品(12),赔付(80),保障(152),医疗险(198)
3,健康(12),旗舰版(78),可以(134),产品(151)
4,告知(11),超级玛丽(75),保险(131),保障(137)
5,医疗(10),保额(75),保额(118),可以(132)
6,其他(10),保障(65),产品(104),百万(126)
7,医保(9),癌症(57),保费(104),医疗(124)
8,特需(9),产品(49),赔付(99),微保(117)
9,甲状腺(9),光大(49),支付宝(71),如果(101)
10,手术(8),重疾险(43),福重(71),奶爸(95)
11,但是(7),可以(41),少儿(67),重疾险(85)
12,没有(7),重疾(41),轻症(65),报销(80)
13,提供(7),附加(39),疾险(62),理赔(75)
14,就是(7),额外(33),保爷(62),腾讯(74)
15,结节(7),保险(31),重疾(62),投保(67)
16,医疗险(6),永明(31),没有(59),比较(63)
17,无限(6),二次(29),终身(58),微信(63)
18,疾病(6),健康(26),选择(54),没有(57)
19,如果(5),自己(25),如果(54),测评(57)
20,续保(5),保费(25),性价比(53),长期(54)
21,安联(5),我们(24),幸运(50),保险公司(54)
22,体检(5),基本(23),癌症(49),续保(52)
23,住院(5),奶爸(22),推荐(46),责任(51)
24,症状(5),对比(21),身故(46),住院(49)
25,这个(5),投保(21),疾病(45),保额(48)
26,理赔(5),轻症(21),大家(42),对比(47)
27,自己(5),如果(20),这款(39),服务(46)
28,不了(5),责任(20),返还(39),保费(44)
29,虽然(4),是否(19),问题(38),还是(44)
30,宽松(4),划算(19),我们(38),费用(43)
31,百万(4),疾病(19),测评(37),平台(43)
32,病历(4),选择(19),便宜(34),重疾(43)
33,异常(4),老公(18),分析(31),性价比(42)
34,拒赔(4),前年(18),高发(30),大家(41)
35,赔付(4),购买(17),保年(29),疾病(39)
36,门诊(4),恶性肿瘤(17),长期(29),看看(39)
37,一些(4),特定(17),学社(29),需要(39)
38,费率(4),非常(16),市场(29),赔额(38)
39,多少(4),考虑(15),是否(28),医疗保险(36)
40,长期(3),性价比(15),或者(28),专业(36)
41,停售(3),还是(15),购买(28),而且(36)
42,附加(3),区别(15),适合(27),赔付(36)
43,投保(3),一款(15),比较(27),还有(35)
44,高血压(3),中症(15),还是(27),很多(33)
45,要求(3),身故(15),投保(27),值不值得(32)
46,不是(3),测评(14),咨询(27),最高(32)
47,报告(3),情况(14),来说(26),比例(32)
48,描述(3),康乐(14),作为(26),一般(31)
49,记录(3),最高(14),多次(26),一下(31)
50,或者(3),没有(14),图片(25),支付宝(31)
51,算作(3),保险公司(13),关注(25),提供(31)
52,检查(3),复星(12),一下(25),意外(31)
53,康复(3),已经(12),情况(24),购买(30)
54,可笑(3),大白(12),对比(24),什么(30)
55,尿酸(3),适合(11),福保(24),范围(30)
56,属于(3),另外(11),目前(23),这些(30)
57,人家(3),几款(11),价格(23),了解(30)
58,多久(3),不过(11),私信(23),值得(30)
59,所以(3),理赔(11),建议(22),我们(29)
60,保险公司(3),预算(11),而且(22),肺炎(29)
61,免赔(3),比较(11),一年期(22),意外险(29)
62,万免(3),推荐(10),续保(22),在线(28)
63,比例(3),而且(10),理赔(22),关于(28)
64,责任(3),根据(10),不是(22),主要(27)
65,上面(3),平安(10),附加(22),新冠(27)
66,切除(3),因为(10),不过(22),承保(26)
67,报销(3),不是(10),系列(21),就是(26)
68,不过(3),当然(10),中症(21),内容(26)
69,超越(3),竹子(10),福保年(21),全面(26)
70,便宜(3),之前(9),周岁(21),所以(26)
71,比如(3),保险产品(9),一款(20),寿险(26)
72,甲状腺癌(3),还要(9),赔次(20),自己(25)
73,条件(2),结构(9),定期(20),社保(25)
74,考虑(2),大家(9),市面上(19),情况(25)
75,平安(2),了解(9),其实(19),保险产品(25)
76,年期(2),其中(9),这种(19),门诊(25)
77,其中(2),单次(9),一样(18),选择(24)
78,保障(2),一样(9),虽然(18),建议(24)
79,万一(2),宽松(9),康惠保(18),问题(24)
80,几年(2),一下(9),自己(18),朋友(24)
81,可能性(2),来看(9),全网(18),怎么样(24)
82,无忧(2),增加(9),包含(18),条件(23)
83,旗舰版(2),价格(9),扒开(18),健康(23)
84,比较(2),就是(9),秘密(18),一样(23)
85,符合(2),高发(9),最高(17),其实(23)
86,特别(2),优势(9),一些(17),癌症(23)
87,亮点(2),朋友(8),看到(17),平安(23)
88,单独(2),发现(8),指数(17),公司(22)
89,就诊(2),市场(8),预算(17),等待(22)
90,需要(2),这款(8),所以(17),出险(21)
91,正常(2),问题(8),告知(17),有点(21)
92,三款(2),保单(8),怎么(17),上面(21)
93,之前(2),首次(8),人生(17),不能(21)
94,医院(2),变化(8),成人(17),具体(21)
95,有过(2),两个(8),医疗险(17),大白(21)
96,不会(2),两者(8),考虑(17),考虑(20)
97,只要(2),一些(8),公众(16),两款(20)
98,里面(2),职业(8),条件(16),一些(20)
99,现在(2),限制(8),其他(16),终身(20)
100,关系(2),分析(8),超级玛丽(16),线下(20)
101,痊愈(2),寿险(8),最新(16),泰康(19)
102,年前(2),最近(7),奶爸(16),不过(19)
103,医生(2),很多(7),评测(15),适合(19)
104,告诉(2),有些(7),来看(15),市面上(19)
105,亲手(2),如何(7),短期(15),价格(19)
106,好好(2),豁免(7),可选(15),已经(19)
107,不然(2),关注(7),一年(15),虽然(19)
108,有意思(2),分享(7),全面(15),但是(19)
109,不全(2),看看(7),特定(15),恶性肿瘤(19)
110,补充(2),男性(7),责任(15),国际(19)
111,条款(2),什么(7),以上(15),津贴(18)
112,小心眼儿(2),多少(7),家庭(15),以上(18)
113,他们(2),升级(7),人保(15),要求(18)
114,知道(2),公众(7),时候(15),分析(18)
115,京东(2),最大(7),值得(15),一个(18)
116,友好(2),喜欢(7),父母(15),免费(18)
117,可赔(2),现在(7),综合(14),保证(18)
118,费用(2),整体(7),所有(14),只要(18)
119,缝合(2),所以(7),总结(14),公众(18)
120,体表(2),一个(7),实际(14),其他(17)
121,门槛(2),左右(7),不能(14),哪些(17)
122,相差(2),十步(7),相比(14),因为(17)
123,注意(2),重大(6),确诊(14),回答(17)
124,整体(2),这个(6),男性(14),时间(17)
125,几个(2),功能(6),非常(14),怎么(17)
126,真的(2),便宜(6),寿险(14),来源(17)
127,后花(2),条款(6),那么(14),享生(17)
128,慢性(2),有没有(6),儿童(14),定期(17)
129,最多报(2),身体(6),缺陷(14),用户(17)
130,大白(2),赞同(6),官方(13),重大(16)
,,来源(6),身体(13),万元(16)
,,返还(6),满期(13),比如(16)
,,间隔期(6),方面(13),图片(16)
,,女性(6),人寿(13),治疗(16)
,,真的(6),缴费(13),针对(16)
,,昆仑(6),很多(13),一份(16)
,,意义(6),覆盖(13),目前(15)
,,结论(6),十步(13),注意(15)
,,需要(6),生活(12),一点(15)
,,注意(6),重大(12),根据(15)
,,高性价比(6),回答(12),不错(15)
,,一家(6),一生(12),包含(15)
,,年龄(6),整体(12),年龄(15)
,,一年(6),过渡(12),约定(15)
,,因此(6),简单(12),药品(15)
,,知乎(5),还有(12),特需(15)
,,一直(5),间隔期(12),方案(15)
,,犹豫(5),每年(12),只有(15)
,,当中(5),人群(12),资料(15)
,,下手(5),应该(12),生保(15)
,,新品(5),比例(12),孩子(15)
,,感觉(5),完美(12),互联网(15)
,,中年(5),保险公司(12),告知(14)
,,商业保险(5),有没有(11),可能(14)
,,互联网(5),缺少(11),这个(14)
,,但是(5),评论(11),觉得(14)
,,回答(5),赞同(11),时候(14)
,,综合(5),疾险保(11),最新(14)
,,疾险(5),原因(11),质子(14)
,,相似(5),严格(11),重离子(14)
,,全面(5),同类产品(11),上线(14)
,,怎么(5),翻倍(11),不同(14)
,,覆盖(5),灵活(11),审核(14)
,,下面(5),首次(11),领取(14)
,,目前(5),意外险(11),报案(14)
,,狠起来(5),方案(11),只能(13)
,,足够(5),理财(11),不是(13)
,,上线(5),严重(11),帮忙(13)
,,时间(5),一个(11),分享(13)
,,基础(5),基本(11),程序(13)
,,进行(5),标准(11),直接(13)
,,觉得(5),对于(11),人群(13)
,,或者(5),宝宝(11),期天(13)
,,标准(5),旗舰版(11),少儿(13)
,,一点(5),父亲(10),费率(12)
,,需求(5),母亲(10),优势(12)
,,欢迎(5),想买重(10),一定(12)
,,两款(5),买过(10),基本(12)
,,防癌(5),懂得(10),增值(12)
,,建议(5),帮忙(10),便宜(12)
,,告知(5),感激(10),按照(12)
,,角度(5),调查(10),条款(12)
,,成为(5),商业保险(10),家庭(12)
,,各有(4),一般(10),这款(12)
,,侧重点(4),年纪(10),预算(12)
,,真心(4),不错(10),今天(12)
,,大半年(4),三次(10),想要(12)
,,花眼(4),一份(10),咨询(12)
,,有点(4),核保(10),限额(12)
,,麻木(4),交年(10),特效药(12)
,,知道(4),服务(10),护身(12)
,,新出(4),优点(10),方面(11)
,,配置(4),如下(10),那么(11)
,,值得(4),进行(10),解决(11)
,,夫妻(4),现在(10),每个(11)
,,深圳(4),两种(10),相对(11)
,,普通家庭(4),特别(10),关注(11)
,,人寿(4),疑问(10),划算(11)
,,获得(4),合适(10),轻症(11)
,,每次(4),什么(10),线上(11)
,,第二次(4),基础(10),赞同(11)
,,少儿(4),不足(10),到底(11)
,,地板(4),任何(10),下面(11)
,,百年(4),确实(9),中老年(11)
,,康惠保(4),有点(9),每年(11)
,,同类(4),至于(9),意见(11)
,,一生(4),需要(9),结论(11)
,,还有(4),恶性肿瘤(9),现在(11)
,,同样(4),优惠(9),进行(11)
,,这么(4),第一(9),不少(11)
,,总结(4),压力(9),一万元(10)
,,这些(4),根据(9),无法(10)
,,保微信(4),精选(9),风险(10)
,,差别(4),部分(9),或者(10)
,,很大(4),这样(9),医院(10)
,,时候(4),费率(9),最后(10)
,,特别(4),病种(9),符合(10)
,,计划(4),不大(9),商业保险(10)
,,具体(4),只要(9),是不是(10)
,,再次(4),合同(9),来说(10)
,,做到(4),重要(9),追求(10)
,,完美(4),缺点(9),一起(10)
,,方案(4),尊享(9),周岁(10)
,,真正(4),特疾(9),给付(10)
,,消费型(4),手术(9),以下(10)
,,说保(4),支持(8),的话(10)
,,认证(4),无法(8),附加(10)
,,官方(4),为什么(8),泰康人寿(10)
,,帐号(4),主推(8),疑问(10)
,,不到(4),更好(8),材料(10)
,,如下(4),定位(8),身故(10)
,,细微(4),只是(8),这种(10)
,,细节(4),足够(8),人寿(10)
,,罹患(4),真的(8),以后(10)
,,额度(4),因为(8),区别(10)
,,分组(4),先说(8),私信(9)
,,要求(4),豁免(8),简单(9)
,,保会(4),最后(8),这里(9)
,,优于(4),获得(8),就医(9)
,,不仅(4),持续(8),推出(9)
,,主要(4),看看(8),之前(9)
,,相比(4),内容(8),用药(9)
,,脑中风(4),身体状况(8),降低(9)
,,多出(4),既然(8),最低(9)
,,比如(4),结论(8),来看(9)
,,图片(4),补充(8),盘点(9)
,,并且(4),慢性(8),热门(9)
,,那么(4),肾功能(8),升级(9)
,,核保(4),衰竭(8),必要(9)
,,服务(4),早期(8),销售(9)
,,设定(4),期间(8),外购(9)
,,年收入(4),保到(8),保人(9)
,,二线(4),等待(8),第二(9)
,,城市(4),发布(7),诊疗(9)
,,低于(4),收藏(7),一年期(9)
,,评论(3),懂保爷(7),起付(9)
,,适不(3),仔细(7),发生(9)
,,可能(3),常见(7),用心(9)
,,你们(3),增长(7),最全(9)
,,自身(3),只能(7),一直(9)
,,衡量(3),就是(7),支付(9)
,,投保人(3),每次(7),微保上(9)
,,同为(3),左右(7),代理人(9)
,,近期(3),之前(7),宽松(8)
,,推出(3),可能(7),才能(8)
,,嘉多(3),非常适合(7),合适(8)
,,保重(3),留言(7),特点(8)
,,直观(3),指南(7),由于(8)
,,清楚(3),推出(7),是否(8)
,,最为(3),承保(7),评论(8)
,,包括(3),如何(7),丰富(8)
,,相对(3),其中(7),系列(8)
,,其实(3),一种(7),基础(8)
,,其余(3),一定(7),种类(8)
,,各项(3),分组(7),一年(8)
,,数据(3),双倍(7),而微(8)
,,优秀(3),毕竟(7),第二年(8)
,,方面(3),百万(7),容易(8)
,,对于(3),机能(7),小心(8)
,,对应(3),结合(7),几款(8)
,,这里(3),稳定(7),知识(8)
,,重要(3),影响(7),老人(8)
,,所有(3),直接(7),发布(8)
,,涵盖(3),保险产品(7),喜欢(8)
,,明明白白(3),意外(7),版微(8)
,,多重(3),二级(7),医疗保障(8)
,,发布(3),知乎(6),全解微(8)
,,赞赏(3),分享(6),指定(8)
,,这句(3),同时(6),元天(8)
,,用来(3),年轻(6),如下(8)
,,形容(3),随着(6),结果(8)
,,前段时间(3),前期(6),保单(8)
,,让利(3),之选(6),两类(8)
,,消费者(3),看来(6),最近(8)
,,直呼(3),意思(6),一家(8)
,,过瘾(3),可赔(6),干货(8)
,,这家(3),另外(6),科普(8)
,,银行(3),贵上(6),欢迎(8)
,,贵族(3),必要(6),延伸(8)
,,赚得(3),的话(6),如何(8)
,,盆满(3),突出(6),保险金(8)
,,看来(3),不算(6),二诊(8)
,,貌似(3),智能(6),社交(8)
,,任何(3),对此(6),合同(8)
,,收手(3),上款(6),有些(8)
,,意思(3),市面(6),一款(7)
,,反而(3),没什么(6),万免(7)
,,一个月(3),最好(6),险种(7)
,,打磨(3),种重(6),覆盖(7)
,,高出(3),有些(6),留言(7)
,,天际(3),表格(6),额度(7)
,,一目了然(3),之王(6),依然(7)
,,除了(3),女性(6),知乎(7)
,,退保(3),轻中症(6),搬运工(7)
,,保和芯(3),即可(6),差不多(7)
,,存在(3),大礼(6),医疗费(7)
,,手术(3),赔万(6),经济(7)
,,看到(3),一步(6),中症(7)
,,一项(3),阶段性(6),阅读(7)
,,来说(3),发生变化(6),爸保(7)
,,咨询(3),身体健康(6),两个(7)
,,获取(3),年轻人(6),版本(7)
,,记得(3),健康状况(6),职业(7)
,,先说(3),而是(6),限制(7)
,,会贵(3),年龄(6),每天(7)
,,公司(3),保证(6),确诊(7)
,,轻微(3),在内(6),二级(7)
,,患重(3),复发(6),担心(7)
,,不带(3),转移(6),门槛(7)
,,保险金额(3),单次(6),有限(7)
,,患者(3),超倍(6),哪款(7)
,,同类产品(3),守护(6),儿童(7)
,,费率(3),嘉多保(6),生活(7)
,,发病率(3),统一(6),几乎(7)
,,死亡率(3),但是(6),增加(7)
,,结节(3),平台(6),通过(7)
,,支持(2),消费型(6),提交(7)
,,显示(2),条款(6),身体(6)
,,保想(2),福是(6),实际(6)
,,保奶爸(2),重疾轻症(6),使用(6)
,,保奶(2),配置(6),属于(6)
,,爸保(2),要求(6),一种(6)
,,中立(2),这个(5),高额(6)
,,客观(2),显示(5),接下来(6)
,,专业(2),邀请(5),普通(6)
,,保官(2),平安(5),功能(6)
,,年份(2),题主所(5),买微(6)
,,内容(2),上表(5),显示(6)
,,重疾次(2),有款(5),超级玛丽(6)
,,症次(2),他们(5),游戏(6)
,,发生(2),不高(5),文章(6)
,,保险金(2),相对来说(5),保有(6)
,,已交(2),再来(5),遇到(6)
,,以下(2),青年(5),方便(6)
,,无关(2),用来(5),认证(6)
,,新发(2),毛病(5),官方(6)
,,复发(2),因此(5),帐号(6)
,,转移(2),当然(5),多年(6)
,,持续(2),手头(5),经验(6)
,,认为(2),一次(5),经常(6)
,,甚至(2),按返(5),期限(6)
,,更胜一筹(2),加保(5),产生(6)
,,条件(2),一点(5),几个(6)
,,提高(2),基本保障(5),这项(6)
,,部位(2),以及(5),公立医院(6)
,,诚意(2),下面(5),这点(6)
,,怎么样(2),无忧(5),每次(6)
,,保新(2),优秀(5),不会(6)
,,横向(2),百年(5),测算(6)
,,很早(2),本文(5),听说(6)
,,命名(2),导致(5),稳定(6)
,,一段时间(2),亮点(5),零免(6)
,,明显(2),区别(5),应该(6)
,,快速(2),实用(5),自费(6)
,,为什么(2),前年(5),封顶(6)
,,单纯(2),额外(5),推荐(6)
,,保轻症(2),知识(5),白血病(6)
,,高额(2),专注(5),特定(6)
,,递增(2),斜杠(5),普通人(6)
,,极其(2),一件(5),严选(6)
,,不服输(2),由于(5),这样(6)
,,十年(2),各种(5),准备(6)
,,强大(2),受限(5),收款(6)
,,没差(2),较大(5),本身(6)
,,条例(2),首要(5),核心(6)
,,对得起(2),就要(5),信息(6)
,,名号(2),给出(5),确实(6)
,,福新(2),题目(5),客服(6)
,,两倍(2),出来(5),四大(6)
,,多比同(2),多加(5),一次(6)
,,高上(2),进去(5),成人(6)
,,不少(2),保监会(5),详细(6)
,,这次(2),视力(5),网上(6)
,,福有(2),不会(5),各种(5)
,,改变(2),个人(5),门急诊(5)
,,点击(2),风险(5),需求(5)
,,传送门(2),再说(5),背后(5)
,,立刻(2),期限(5),只是(5)
,,超越(2),恶性(5),拒绝(5)
,,一句(2),划算(5),发现(5)
,,评测(2),客服(5),浏览(5)
,,查看(2),回复(5),不要(5)
,,具体操作(2),宽松(5),当然(5)
,,打开(2),互联网(5),看到(5)
,,菜单栏(2),以下(5),存在(5)
,,攻略(2),多少(5),异常(5)
,,严选(2),信息(5),免赔(5)
,,看重(2),医院(5),真的(5)
,,四款(2),详细(5),千万(5)
,,法定(2),瑞泰(5),这么(5)
,,定义(2),瑞盈(5),实在(5)
,,合理(2),添加(4),同样(5)
,,起来(2),时间(4),全国(5)
,,前种(2),反对(4),重要(5)
,,选购(2),喜欢(4),父母(5)
,,包含(2),收起(4),更新换代(5)
,,以上(2),注意(4),之后(5)
,,制定(2),类型(4),设有(5)
,,明码标价(2),赔重(4),分为(5)
,,只能(2),接下来(4),着重(5)
,,而定(2),此外(4),介绍(5)
,,强调(2),支出(4),我会(5)
,,因素(2),三年(4),实用(5)
,,与其(2),无论(4),各有不同(5)
,,为了(2),挑选(4),人保(5)
,,缩减(2),二次(4),先上(5)
,,不如(2),友好(4),之间(5)
,,之内(2),想要(4),整体(5)
,,这样(2),觉得(4),万有(5)
,,选奶(2),文章(4),补贴(5)
,,举例(2),保单(4),海外(5)
,,那句(2),爸保(4),抗癌(5)
,,老话(2),客观(4),诊断(5)
,,几乎(2),专业(4),不足(5)
,,一模一样(2),年月日(4),健康状况(5)
,,世界(2),更新(4),单独(5)
,,一套(2),公司(4),遗憾(5)
,,适用(2),方式(4),稳定性(5)
,,必须(2),复杂(4),这篇(5)
,,要花(2),保险金(4),不用(5)
,,做好(2),不幸(4),上半年(5)
,,花钱(2),罹患(4),综合(5)
,,切切实实(2),不同(4),相同(5)
,,家人(2),几款(4),下奶(5)
,,参考(2),康乐(4),有用(5)
,,两篇(2),本身(4),解答(5)
,,文章(2),规划(4),新增(5)
,,储蓄型(2),孩子(4),整理(5)
,,玫瑰(2),终止(4),申请(5)
,,手有余香(2),切除(4),不多(5)
,,第一个(2),更高(4),获得(5)
,,反对(2),已交(4),压力(5)
,,收藏(2),明显(4),保微信(5)
,,收起(2),出现(4),第一个(5)
,,保已(2),经济(4),第八(5)
,,很小(2),微信(4),团张(5)
,,优化(2),后台(4),放心(5)
,,不要(2),记录(4),明确(5)
,,仅仅(2),异常(4),常见(5)
,,必要性(2),读财(4),相信(5)
,,正在(2),最长(4),流量(5)
,,赶紧(2),种类(4),姗姗来迟(5)
,,纳入(2),高残(4),首要(5)
,,名单(2),典型(4),攻略(5)
,,没什么(2),比如(4),高性价比(5)
,,意外(2),慢慢(4),超越(5)
,,下半年(2),然后(4),在于(5)
,,妥妥(2),万元(4),规划(5)
,,爆款(2),十几万(4),深蓝(5)
,,没错(2),入手(4),核保(4)
,,来盘(2),并且(4),概率(4)
,,一盘(2),每个(4),有个(4)
,,热门(2),价格便宜(4),算是(4)
,,详细(2),就医(4),除外(4)
,,重疾轻症(2),微创(4),高危(4)
,,等待(2),冠状动脉(4),地方(4)
,,期上(2),障碍(4),多少(4)
,,保都(2),含有(4),就要(4)
,,生和芯(2),隐形(4),系统(4)
,,重疾是(2),大白(4),支持(4)
,,选且(2),结节(4),添加(4)
,,单个(2),企鹅(4),图标(4)
,,首先(2),关于(4),感觉(4)
,,病种(2),赔偿(4),好好(4)
,,重中(2),截图(4),合理(4)
,,数量(2),搜索(3),身体状况(4)
,,多于(2),可靠(3),第一年(4)
,,出自(2),硬核(3),下降(4)
,,之手(2),一张(3),疾险(4)
,,基本一致(2),入门(3),热销(4)
,,不同(2),良品(3),明显(4)
,,享受(2),费用(3),充足(4)
,,发生率(2),诚然(3),学会(4)
,,越来越(2),时限(3),哪个(4)
,,年轻化(2),手上(3),知道(4)
,,当下(2),绝对(3),少走弯路(4)
,,拿到(2),后期(3),反对(4)
,,此外(2),愈发(3),收藏(4)
,,一条(2),惊人(3),收起(4)
,,变更(2),中途(3),手术(4)
,,保在(2),除非(3),特别(4)
,,打了个(2),特殊(3),床位费(4)
,,平手(2),闲钱(3),后面(4)
,,次数(2),后续(3),快速(4)
,,不作(2),算得(3),那个(4)
,,更高(2),中庸(3),获取(4)
,,种类(2),估计(3),结算(4)
,,成本(2),中是(3),其它(4)
,,远远(2),称不上(3),更新(4)
,,海保芯(2),好用(3),感兴趣(4)
,,芯爱(2),重疾赔(3),榜单(4)
,,冠状动脉(2),可选项(3),其中(4)
,,介入(2),多保年(3),拿到(4)
,,赔次(2),算了(3),一手(4)
,,各有千秋(2),过多(3),还要(4)
,,更好(2),得不偿失(3),先买(4)
,,生会(2),几乎(3),开心(4)
,,出色(2),千把(3),另外(4)
,,生非(2),不用(3),包括(4)
,,之间(2),多出(3),旗下(4)
,,虽然(2),好几倍(3),保险代理(4)
,,在意(2),肯定(3),非常(4)
,,实际(2),不划算(3),任何(4)
,,喜好(2),即便如此(3),根本(4)
,,就行(2),上列(3),收到(4)
,,按照(2),勾选(3),不到(4)
,,年纪(2),难算(3),小孩(4)
,,有限(2),总体(3),疫情(4)
,,保到(2),一家子(3),达到(4)
,,以及(2),谨慎(3),标准(4)
,,直接(2),较为(3),联合(4)
,,挂钩(2),平庸(3),中小(4)
,,添加(2),甚至(3),商家(4)
,,微信(2),不如(3),伤残(4)
,,备注(2),缘由(3),号奶(4)
,,保为(2),重疾多(3),个人(4)
,,右上角(2),案例(3),不仅(4)
,,最新(2),万为例(3),基于(4)
,,点赞(2),这相较(3),发展(4)
,,不错(2),太多太多(3),蚂蚁(4)
,,两天(2),委实(3),生产(4)
,,一出(2),算不上(3),类型(4)
,,炸开(2),美丽(3),自然(4)
,,一号(2),所持(3),拿出(4)
,,研究(2),意见(3),灵活(4)
,,有点像(2),大坑(3),特色(4)
,,特意(2),选都(3),金有(4)
,,出来(2),那个(3),生保则(4)
,,我会(2),太低(3),类似(4)
,,稍微(2),照例(3),缴费(4)
,,倾斜(2),万种(3),判断(4)
,,隐形(2),投保人(3),多大(4)
,,其他(2),增值(3),关心(4)
,,治疗(2),而言(3),微保买(4)
,,规定(2),不怎么(3),逐个(4)
,,家庭(2),许多(3),原因(4)
,,测算(2),依然(3),完成(4)
,,终身(2),算好(3),投保人(4)
,,男女(2),一百多(3),能力(4)
,,单独(2),款中(3),过渡(4)
,,异常(2),款且(3),含有(4)
,,甲减(2),整合(3),局限性(4)
,,严格(2),列出(3),尊享(4)
,,回复(2),重点(3),覆盖面(4)
,,要说(2),红色(3),承担(4)
,,曝光率(2),文字(3),众安(4)
,,风头(2),看花了(3),并且(4)
,,最热(2),介绍(3),网红(4)
,,莫属(2),当下(3),没什么(4)
,,一度(2),天花板(3),财险(4)
,,标杆(2),钢铁(3),猝死(4)
,,嘉多保(2),战士(3),女性(4)
,,多次(2),达尔文(3),额外(4)
,,炙手可热(2),升级版(3),几点(4)
,,一朝(2),三峡(3),清楚(4)
,,出鞘(2),曾经(3),及时(4)
,,锋芒毕露(2),相当(3),过程(4)
,,以为(2),嘉和保(3),本质(4)
,,借势(2),紧张(3),不管(4)
,,风生水(2),原位癌(3),课堂(4)
,,没成想(2),至岁(3),深度(4)
,,苗头(2),经典(3),定寿(4)
,,对准(2),高性价比(3),指南(4)
,,真是(2),超惠保(3),相对来说(3)
,,那句话(2),纯重(3),稍微(3)
,,人生(2),第二份(3),对于(3)
,,敌人(2),加保瑞盈(3),生病(3)
,,想到(2),酌情(3),花费(3)
,,射雕(2),了解(3),扣除(3)
,,英雄传(2),哪款(3),目的(3)
,,一手(2),详聊(3),部分(3)
,,实际上(2),篇文章(3),他们(3)
,,疾中症(2),有用(3),等等(3)
,,确诊(2),三个(3),这类(3)
,,此项(2),忙点(3),看中(3)
,,中有(2),这篇(3),确认(3)
,,诊断(2),不点(3),双方(3)
,,非常明显(2),耍流氓(3),缺少(3)
,,其它(2),专栏(3),搜索(3)
,,不管(2),成为(3),马化腾(3)
,,大于(2),朋友(3),充钱(3)
,,中国(2),附上(3),充值(3)
,,全球(2),经验(3),保险业务(3)
,,乳腺癌(2),希望(3),慢慢(3)
,,友好(2),能够(3),走向(3)
,,人群(2),帮助(3),道路(3)
,,除外(2),避坑(3),两家(3)
,,承保(2),重磅(3),一篇(3)
,,重新(2),福利(3),真知(3)
,,机会(2),精心(3),史上(3)
,,恢复(2),准备(3),超全(3)
,,用户(2),小白(3),第一步(3)
,,主打(2),秘籍(3),开小(3)
,,带有(2),管理工具(3),列表(3)
,,搭配(2),加入(3),好家伙(3)
,,定期(2),社群(3),点开(3)
,,意外险(2),研究所(3),一看(3)
,,医疗险(2),第项(3),不买白(3)
,,不可或缺(2),超值(3),缺点(3)
,,千万(2),更劲(3),避坑(3)
,,不可(2),通过(3),高下(3)
,,陷入(2),立即(3),保奶爸(3)
,,陷阱(2),领取(3),保奶(3)
,,中要(2),得到(3),给出(3)
,,学会(2),终于(3),一微(3)
,,抓大放小(2),最大(3),问到(3)
,,,三种(3),以及(3)
,,,小结(3),各个(3)
,,,保人(3),用户群(3)
,,,情形(3),不太(3)
,,,横琴(3),内容分析(3)
,,,可是(3),图微(3)
,,,欢迎(3),人士(3)
,,,干货(3),主流(3)
,,,受益人(3),一项(3)
,,,广州(3),特殊(3)
,,,文化(3),前天(3)
,,,传播(3),后天(3)
,,,有限公司(3),肿瘤(3)
,,,运营(3),满足(3)
,,,总监(3),上述(3)
,,,临时(3),剂量(3)
,,,只不过(3),处方(3)
,,,相对(3),下可选(3)
,,,办法(3),会贵(3)
,,,均摊(3),此项(3)
,,,增大(3),垫付(3)
,,,越来越(3),扩充(3)
,,,高到(3),就诊(3)
,,,四五十岁(3),陈述(3)
,,,吓人(3),社保费(3)
,,,言归正传(3),常用(3)
,,,看回(3),来讲(3)
,,,规定(3),历史(3)
,,,仅仅(3),调整(3)
,,,受损(3),期转(3)
,,,过重(3),投微(3)
,,,停售(3),二微(3)
,,,变化(3),和款(3)
,,,单独(3),分别(3)
,,,调整(3),价格优势(3)
,,,即便(3),比不上(3)
,,,得过(3),低奶(3)
,,,不受(3),全集(3)
,,,始终(3),总结(3)
,,,挺大(3),高尊(3)
,,,就算(3),接近(3)
,,,不停(3),高一层(3)
,,,个保(3),近期(3)
,,,小小的(3),保众安尊(3)
,,,有个(3),短期内(3)
,,,因素(3),安乐(3)
,,,之一(3),享生免(3)
,,,重疾非(3),赔版(3)
,,,后患(3),偏贵(3)
,,,癌赔(3),以为(3)
,,,间隔(3),真正(3)
,,,再赔(3),网络(3)
,,,重疾为(3),成立(3)
,,,一部分(3),年份(3)
,,,单侧(3),全国性(3)
,,,肾脏(3),股份制(3)
,,,偏贵(3),人寿保险(3)
,,,次数(3),连续(3)
,,,它们(3),跻身于(3)
,,,高种(3),世界(3)
,,,病变(3),截止(3)
,,,力度(3),偿付能力(3)
,,,针对(3),整体实力(3)
,,,主合同(3),四百万(3)
,,,选项(3),围绕(3)
,,,期以(3),居多(3)
,,,为例(3),共性(3)
,,,好像(3),规避(3)
,,,还行(3),几百元(3)
,,,同等(3),上百万(3)
,,,很难说(3),杠杆(3)
,,,拿来(3),近两年(3)
,,,叠加(3),受欢迎(3)
,,,同样(3),也许(3)
,,,看上去(3),为何(3)
,,,相差(3),目录(3)
,,,高对(3),特效(3)
,,,数量(3),政策(3)
,,,越多越好(3),病例(3)
,,,越广越(3),有起(3)
,,,白血病(3),付线(3)
,,,川崎(3),优秀(3)
,,,癫痫(3),弥补(3)
,,,里面(3),不足之处(3)
,,,一共(3),从来(3)
,,,等于(3),一件(3)
,,,双重(3),上万(3)
,,,定义(3),配置(3)
,,,每家(3),疑惑(3)
,,,十几种(3),篇文章(3)
,,,达到(3),难题(3)
,,,主流(3),机构(3)
,,,水平(3),双击(3)
,,,比如说(3),保知乎(3)
,,,重疾里(3),三口(3)
,,,除了(3),买年(3)
,,,重疾是(3),工薪阶层(3)
,,,两百多(3),谢邀(3)
,,,块钱(3),规则(3)
,,,一顿(3),重点(3)
,,,饭钱(3),伤害(3)
,,,不像(3),上海(3)
,,,前面(3),严重(3)
,,,单薄(3),报告(3)
,,,有限(3),过去(3)
,,,考虑一下(3),太平洋保险(3)
,,,摆在(3),信誉(3)
,,,那里(3),合作(3)
,,,网上(3),分类(3)
,,,不好(3),推销(3)
,,,入口(3),查出来(3)
,,,及时(3),当时(3)
,,,月付(3),化疗(3)
,,,暂时(3),甚至(3)
,,,缓解(3),万幸(3)
,,,大笔(3),不了(3)
,,,带来(3),后来(3)
,,,背书(3),里面(3)
,,,信任度(3),保管(3)
,,,莫名(3),联系(3)
,,,起来(3),赔款(3)
,,,担忧(3),正是(3)
,,,代理人(3),期间(3)
,,,现场(3),商户(3)
,,,协助(3),保障金(3)
,,,存在(3),次日(3)
,,,咱们(3),生效(3)
,,,师兄(3),得到(3)
,,,那句话(3),小敬(3)
,,,依赖(3),看法(3)
,,,任何人(3),说白了(3)
,,,关键(3),安心(3)
,,,选重(3),尤其(3)
,,,这些(3),健康险(3)
,,,业务(3),所在(3)
,,,热销(3),人人(3)
,,,储蓄型(3),利用(3)
,,,之后(3),拥有(3)
,,,诊单(3),大量(3)
,,,定制(3),不断(3)
,,,良心(3),拓宽(3)
,,,坑害(3),业务范围(3)
,,,到底(3),娱乐(3)
,,,好不好(3),金融保险(3)
,,,妈妈(3),举措(3)
,,,看透(3),通常(3)
,,,大声(3),拿来(3)
,,,告诉(3),业务(3)
,,,团队(3),经历(3)
,,,就诊(3),说明(3)
,,,住院(3),唯一(3)
,,,两年(3),人会(3)
,,,认证(3),陌生(3)
,,,据说(3),不仅仅(3)
,,,具有(3),承载(3)
,,,超高(3),更是(3)
,,,值不值得(3),一言一行(3)
,,,细语(3),见证者(3)
,,,对人保(3),一段时间(3)
,,,首先(3),微保才(3)
,,,按照(3),聊天(3)
,,,通货膨胀(3),触达(3)
,,,自由选择(3),加入(3)
,,,福在(3),市场(3)
,,,最多能(3),将会(3)
,,,仍然(3),引起(3)
,,,除外(3),波澜(3)
,,,检查(3),不可(3)
,,,问保(3),想象(3)
,,,保险条款(3),抢占(3)
,,,被保险人(3),保险市场(3)
,,,系统(2),份额(3)
,,,功能(2),暂且(3)
,,,内存不足(2),不谈(3)
,,,拒绝(2),往往(3)
,,,访问(2),价格便宜(3)
,,,对象(2),复杂(3)
,,,首页(2),出现(3)
,,,发现(2),回复(3)
,,,提问(2),选轻症(3)
,,,全部(2),完全(3)
,,,浏览(2),大病(3)
,,,举报(2),孝亲(3)
,,,多个(2),保高(3)
,,,排序(2),计算(3)
,,,工业(2),事故(3)
,,,自动化(2),通知(3)
,,,一段时间(2),理赔金(3)
,,,合作(2),返还(3)
,,,翘首以盼(2),金额(3)
,,,之下(2),协助(3)
,,,这次(2),流程(3)
,,,变成(2),赔率(3)
,,,国华人寿(2),数据(3)
,,,特点(2),局限(3)
,,,例如(2),科学(3)
,,,看起来(2),几百块(3)
,,,人不知(2),消费型(3)
,,,变更(2),赞赏(3)
,,,怎么样(2),搭配(3)
,,,来源(2),更好(3)
,,,主要(2),松口(3)
,,,举个(2),消费者(3)
,,,例子(2),元年(3)
,,,假设(2),证明(3)
,,,患重(2),数额(3)
,,,发生(2),确定(3)
,,,最多(2),年末(3)
,,,大部分(2),将来(2)
,,,成年(2),中规中矩(2)
,,,追求(2),导致(2)
,,,机构(2),明白(2)
,,,号奶(2),前后(2)
,,,主笔(2),老年人(2)
,,,太大(2),内存不足(2)
,,,包括(2),访问(2)
,,,人性化(2),对象(2)
,,,涉及(2),首页(2)
,,,不仅仅(2),提问(2)
,,,单纯(2),全部(2)
,,,一旦(2),邀请(2)
,,,错会(2),举报(2)
,,,损失(2),多个(2)
,,,上能(2),排序(2)
,,,经纪人(2),冲动(2)
,,,第一个(2),讲讲(2)
,,,上屏(2),主打(2)
,,,图标(2),具有(2)
,,,在线(2),手段(2)
,,,解答(2),三大(2)
,,,期天(2),各有特色(2)
,,,期年(2),角度(2)
,,,次轻症(2),入手(2)
,,,前返(2),不容忽视(2)
,,,后返(2),设置(2)
,,,护理(2),比起(2)
,,,评述(2),逊色(2)
,,,疾和种(2),累计(2)
,,,这么(2),年免(2)
,,,短会(2),意思(2)
,,,阐述(2),两年(2)
,,,为了(2),赔元(2)
,,,方便(2),细节(2)
,,,列在(2),留意(2)
,,,下表(2),水平(2)
,,,仅含(2),一不小心(2)
,,,来选(2),二重(2)
,,,福比(2),题主想(2)
,,,贵元(2),做个(2)
,,,相同(2),概括(2)
,,,很少(2),绿通(2)
,,,手术费(2),不信(2)
,,,康复(2),这份(2)
,,,货币(2),立马(2)
,,,稳妥(2),不算(2)
,,,家庭收入(2),总得来说(2)
,,,急需(2),局限于(2)
,,,维护(2),有利于(2)
,,,期满(2),选到(2)
,,,缴纳(2),拓展(2)
,,,青睐(2),手把手(2)
,,,客户(2),避开(2)
,,,判断(2),希望(2)
,,,具体(2),买到(2)
,,,优缺点(2),慵懒(2)
,,,状况(2),人分(2)
,,,财务(2),迷人(2)
,,,千差万别(2),乏味(2)
,,,适应(2),工作者(2)
,,,广含(2),几天(2)
,,,绿色通道(2),农历(2)
,,,远程(2),新年(2)
,,,问诊(2),正式(2)
,,,专家门诊(2),迎来(2)
,,,专家(2),世代(2)
,,,床位(2),参考(2)
,,,险含(2),看出(2)
,,,护理费(2),变动(2)
,,,形态(2),增大(2)
,,,搭桥术(2),天后(2)
,,,介入(2),新生儿(2)
,,,甲等(2),身份(2)
,,,分成(2),金为(2)
,,,甲乙(2),移植术(2)
,,,等级(2),中国(2)
,,,公立医院(2),必须(2)
,,,对脑(2),不请自来(2)
,,,动脉瘤(2),防患于未然(2)
,,,不保(2),发生意外(2)
,,,以后(2),正常(2)
,,,正是(2),造成(2)
,,,年迈体弱(2),影响(2)
,,,各项(2),形形色色(2)
,,,器官(2),的确(2)
,,,日益(2),太多(2)
,,,下降(2),隐形(2)
,,,老年人(2),行情(2)
,,,癌变(2),做点(2)
,,,中不含(2),研究(2)
,,,毒瘤(2),很难(2)
,,,急性(2),察觉到(2)
,,,心肌梗塞(2),能为(2)
,,,策略(2),那种(2)
,,,防范(2),避免(2)
,,,眼下(2),老百姓(2)
,,,人身险(2),相当于(2)
,,,蛮高(2),整个(2)
,,,完全(2),然后(2)
,,,避免(2),阑尾(2)
,,,突发(2),腺癌(2)
,,,事故(2),普通家庭(2)
,,,受到(2),家里(2)
,,,巨大(2),很快(2)
,,,冲击(2),上传(2)
,,,找到(2),快递(2)
,,,不容忽视(2),亲眼(2)
,,,疑惑(2),见证(2)
,,,精准(2),买个(2)
,,,够用(2),父亲(2)
,,,重疾险且(2),不幸(2)
,,,只够(2),看病(2)
,,,保个(2),同事(2)
,,,赔次种(2),家人(2)
,,,含轻症(2),为了(2)
,,,下岁(2),捐赠(2)
,,,不贵(2),物资(2)
,,,毕业(2),参与(2)
,,,小孩子(2),防控(2)
,,,要是(2),微保为(2)
,,,有效(2),下到(2)
,,,大麦(2),期后(2)
,,,高血压(2),重症(2)
,,,甲状腺(2),因新冠(2)
,,,乳腺(2),有礼(2)
,,,体买(2),积分(2)
,,,分级(2),配偶(2)
,,,约定(2),账本(2)
,,,治疗(2),即可(2)
,,,谢邀(2),提高(2)
,,,上线(2),除了(2)
,,,新重(2),上屏(2)
,,,中国(2),默认(2)
,,,人民(2),熟人(2)
,,,成立(2),红包(2)
,,,公布(2),转账(2)
,,,数据(2),余额(2)
,,,能力(2),自家(2)
,,,偿付(2),天眼(2)
,,,充足率(2),首家(2)
,,,评级(2),控股(2)
,,,消费者(2),供选择(2)
,,,误导作用(2),像是(2)
,,,实际上(2),传统(2)
,,,过去(2),感触(2)
,,,,太平洋(2)
,,,,名气(2)
,,,,推销员(2)
,,,,一通(2)
,,,,讲解(2)
,,,,满脑子(2)
,,,,术语(2)
,,,,专业名词(2)
,,,,心仪(2)
,,,,要花费(2)
,,,,很长(2)
,,,,精力(2)
,,,,筛选(2)
,,,,优质(2)
,,,,一目了然(2)
,,,,理解(2)
,,,,搞不懂(2)
,,,,家问(2)
,,,,以往(2)
,,,,动不动(2)
,,,,几千(2)
,,,,上万元(2)
,,,,一次性(2)
,,,,多钱(2)
,,,,年交(2)
,,,,块钱(2)
,,,,前面(2)
,,,,和平(2)
,,,,安生(2)
,,,,保都(2)
,,,,高发(2)
,,,,患重(2)
,,,,住院治疗(2)
,,,,心肌梗塞(2)
,,,,其余(2)
,,,,两者(2)
,,,,金在(2)
,,,,生保多(2)
,,,,用来(2)
,,,,各有(2)
,,,,亮点(2)
,,,,国内(2)
,,,,特药(2)
,,,,监测(2)
,,,,药店(2)
,,,,取药(2)
,,,,送药(2)
,,,,到家(2)
,,,,患者(2)
,,,,此类(2)
,,,,假设(2)
,,,,元微(2)
,,,,首期(2)
,,,,剩下(2)
,,,,元期(2)
,,,,首选(2)
,,,,达万(2)
,,,,外用药(2)
,,,,各位(2)
,,,,知友(2)
,,,,后盾(2)
,,,,中立(2)
,,,,客观(2)
,,,,看微保(2)
,,,,透明(2)
,,,,留住(2)
,,,,下手(2)
,,,,运营(2)
,,,,成本(2)
,,,,为什么(2)
,,,,方便快捷(2)
,,,,时要(2)
,,,,复印件(2)
,,,,手续(2)
,,,,质量(2)
,,,,不够(2)
,,,,用户量(2)
,,,,巨大(2)
,,,,工作人员(2)
,,,,因此(2)
,,,,有时候(2)
,,,,过长(2)
,,,,用户数量(2)
,,,,学习(2)
,,,,教会(2)
,,,,这件(2)
,,,,事情(2)
,,,,不论是(2)
,,,,关系(2)
,,,,安全(2)
,,,,不难(2)
,,,,可别(2)
,,,,忽悠(2)
,,,,保重(2)
,,,,名字(2)
,,,,带有(2)
,,,,升级版(2)
,,,,年期(2)
,,,,前期(2)
,,,,后期(2)
,,,,作为(2)
,,,,一致(2)
,,,,设计(2)
,,,,长大(2)
,,,,全新(2)
,,,,看得出来(2)
,,,,很足(2)
,,,,信泰(2)
,,,,完美(2)
,,,,人生(2)
,,,,守护(2)
,,,,分组(2)
,,,,昆仑(2)
,,,,保轻症(2)
,,,,轻中症(2)
,,,,同质化(2)
,,,,大同小异(2)
,,,,在乎(2)
,,,,注重(2)
,,,,元免(2)
,,,,防癌(2)
,,,,认为(2)
,,,,没剩(2)
,,,,优先选择(2)
,,,,钟爱(2)
,,,,既往(2)
,,,,赔猛(2)
,,,,太保(2)
,,,,华泰(2)
,,,,相比(2)
,,,,同类(2)
,,,,养老(2)
,,,,分档(2)
,,,,那句话(2)
,,,,仅仅(2)
,,,,小蜜蜂(2)
,,,,全年(2)
,,,,版万(2)
,,,,专属(2)
,,,,意外保险(2)
,,,,万可选(2)
,,,,交通(2)
,,,,样子(2)
,,,,负有(2)
,,,,精选(2)
,,,,国华人寿(2)
,,,,权益(2)
,,,,阳光(2)
,,,,保麦(2)
,,,,满分(2)
,,,,三峡(2)
,,,,爱相随(2)
,,,,定寿岁(2)
,,,,前身(2)
,,,,孕妇(2)
,,,,不久前(2)
,,,,过想(2)
,,,,更多定(2)
,,,,寿猛(2)
,,,,降价(2)
,,,,无论是(2)
,,,,步骤(2)
,,,,离不开(2)
,,,,别急(2)
,,,,加大(2)
,,,,难度(2)
,,,,效率(2)
,,,,加收(2)
,,,,勘察(2)
,,,,相关(2)
,,,,以便(2)
,,,,核对(2)
,,,,客户(2)
,,,,不可否认(2)
,,,,亲戚朋友(2)
,,,,工作(2)
,,,,照顾(2)
,,,,合同条款(2)
,,,,兴趣(2)
,,,,发送(2)
,,,,惊讶(2)
,,,,其次(2)
,,,,安全性(2)
,,,,倒闭(2)
,,,,过分(2)
,,,,总的来说(2)
,,,,单单(2)
,,,,从业者(2)
,,,,挑选(2)
,,,,因素(2)
,,,,三点(2)
,,,,大人(2)
,,,,年龄阶段(2)
,,,,几千块(2)
,,,,最受(2)
,,,,喜爱(2)
,,,,储蓄型(2)
,,,,偏爱(2)
,,,,玫瑰(2)
,,,,手有余香(2)
,,,,第三方(2)
,,,,它们(2)
,,,,详细分析(2)
,,,,一微信(2)
,,,,产品类别(2)
,,,,重新(2)
,,,,保到(2)
,,,,加保(2)
,,,,多次(2)
,,,,超过(2)
,,,,福利(2)
,,,,五款(2)
,,,,高血压(2)
,,,,糖尿病(2)
,,,,为例(2)
,,,,起来(2)
,,,,年龄段(2)
,,,,驾乘(2)
,,,,不保(2)
,,,,孝顺(2)
,,,,计划(2)
,,,,夫妻(2)
,,,,帮助(2)
,,,,一系列(2)
,,,,价值(2)
,,,,万万(2)
,,,,写过(2)
,,,,专门(2)
,,,,说一说(2)
,,,,说微(2)
,,,,买好(2)
,,,,问世(2)
,,,,以来(2)
,,,,受到(2)
,,,,青睐(2)
,,,,出手(2)
,,,,放在(2)
,,,,十分(2)
,,,,规定(2)
,,,,交保(2)
,,,,类产品(2)
,,,,上涨(2)
,,,,方式(2)
,,,,认定(2)
,,,,操作(2)
,,,,体验(2)
,,,,作出(2)
,,,,核定(2)
,,,,应当(2)
,,,,神器(2)
,,,,宝宝(2)
,,,,刚刚(2)
